pi584xmg;Bill Clinton;bill_clinton@ut.com
312kriwa;Quaid-e-Azam Muhammad Ali Jinnah;quaid-e-azammuhammadalijinnah@hac.com
ti43htz5;Jefferson Perez;jefferson.perez@purus.com
479lyyca;Bill Russell;bill.russell@tempor.com
tt12v6na;Allama Muhammad Iqbal;allama.muhammad.iqbal@facilisis.com
9b1y2gki;Kiefer Sutherland;kiefer_sutherland@gravida.com
730hquda;Shawn Johnson;shawn.johnson@posuere.com
284tfhqa;Candice Accola;candiceaccola@velit.com
322ewrka;"Franklin Delano Roosevelt, Jr.";franklindelanorooseveltjr.@semper.com
169cidxl;Michael Vick;michael.vick@nulla.com
zg33b4be;Miguel Indur√°in;miguel_indurain@leo.com
q424iugr;Ronaldinho;ronaldinho@semper.com
421mrwby;Samantha Morton;samantha.morton@sem.com
wc250jlh;Natasha Richardson;natasha_richardson@augue.com
ynyw0e03;Ali Karimi;ali.karimi@nisl.com
7ou19tkb;Lawrence Taylor;lawrence_taylor@varius.com
955dcoru;Johan Cruyff;johan_cruyff@at.com
oz107wxf;Toyotomi Hideyoshi;toyotomi.hideyoshi@egestas.com
ysh978es;Suleyman The Magnificent;suleymanthemagnificent@risus.com
p319pspm;Shia LaBeouf;shialabeouf@quam.com
157sxgnr;Lou Gehrig;lou.gehrig@non.com
2iy3ki2q;Vladimir Putin;vladimir.putin@feugiat.com
l9nni06a;Aimee Teegarden;aimee.teegarden@posuere.com
301hrboa;Zlatan Ibrahimovic;zlatan.ibrahimovic@leo.com
w9fjn8x7;Sultan II. Abdulhamid Khan;sultan_ii._abdulhamid_khan@commodo.com
kd6n73tb;Ian Thorpe;ianthorpe@ante.com
488uutne;Serguei Bubka;sergueibubka@diam.com
339nhskn;Vladimir Lenin;vladimir.lenin@sit.com
l7yi91pf;Abraham Lincoln;abraham_lincoln@nulla.com
gr410wkp;Martin Luther King Jr.;martin.luther.king.jr.@in.com
3mn0cl4c;Pontiac;pontiac@nec.com
qh244voo;Empress Jingu;empress_jingu@tristique.com
fp668tsn;Halle Berry;halleberry@netus.com
4nrl84aa;Benjamin Franklin;benjamin.franklin@amet.com
d61d5kpm;Sylvester Stallone;sylvesterstallone@ornare.com
4or46gtw;Caity Lotz;caity_lotz@nisi.com
rxnfg613;Imran Khan;imrankhan@urna.com
3t4g5eka;Eric the Red;ericthered@viverra.com
688zotyv;Adam Gilchrist;adamgilchrist@vitae.com
sw130prh;Cathy Freeman;cathyfreeman@tortor.com
kj965lji;Margaret Thatcher;margaret.thatcher@quis.com
195ihruk;Theoderic the Great;theodericthegreat@amet.com
741owlwu;Pepin the Short;pepin.the.short@vitae.com
71w3sjva;Elizabeth I of England;elizabeth.i.of.england@feugiat.com
095nnzxi;Winston Churchill;winstonchurchill@rhoncus.com
94m8wqri;Mike Piazza;mike_piazza@id.com
fi02r1fe;Chris Hemsworth;chris_hemsworth@imperdiet.com
tm755hpu;Lana Parrilla;lana_parrilla@purus.com
384vbffq;Ato Boldon;ato.boldon@neque.com
0o37vqja;"Otto I the Great, Holy Roman Emperor";otto_i_the_great_holy_roman_emperor@sem.com
